{
    "metrics": {
        "val_mse": 0.04094340740451194,
        "timestamp": "2026-02-26_2001"
    },
    "wavenumber_gains": [
        1.4848868901764045,
        3.1850177333114744
    ],
    "tidal_constituents": [
        {
            "name": "Draconic_Lunisolar",
            "satellites": [
                {
                    "phase": 1.5605556063491783,
                    "amp": 0.005288990410360704,
                    "freq_alias": 0.421,
                    "n": 0
                }
            ]
        },
        {
            "name": "Mf",
            "satellites": [
                {
                    "phase": -0.28488571469969204,
                    "amp": 0.3603289549317211,
                    "freq_alias": 0.843,
                    "n": 0
                }
            ]
        }
    ],
    "mod_phases": [
        -0.4839070563741856,
        1.707389476934697
    ],
    "beta_weights": [
        0.9946947919436039,
        -0.058223786030723215
    ]
}